BSF012983	/uod/idr/filesets/idr0061-wolf-spindlepositioning/20190403-ftp/BSF012983_1/BSF012983_1/BSF012983_1/BSF012983_1_1/BSF012983_1_1.xdce
BSF012984	/uod/idr/filesets/idr0061-wolf-spindlepositioning/20190403-ftp/BSF012984_1/BSF012984/BSF012984_1/BSF012984_1_1/BSF012984_1_1.xdce
BSF012985	/uod/idr/filesets/idr0061-wolf-spindlepositioning/20190403-ftp/BSF012985_1/BSF012985/New/New_1/BSF012985.xdce
BSF012986	/uod/idr/filesets/idr0061-wolf-spindlepositioning/20190403-ftp/BSF012986_1/BSF012986/New/New_2/New_2.xdce
BSF012988	/uod/idr/filesets/idr0061-wolf-spindlepositioning/20190403-ftp/BSF012988/New/New_1/BSF012988.xdce
BSF012990	/uod/idr/filesets/idr0061-wolf-spindlepositioning/20190403-ftp/BSF012990/New/New_1/BSF012990.xdce
BSF013073	/uod/idr/filesets/idr0061-wolf-spindlepositioning/20190403-ftp/BSF013073_1/BSF01373_1/New/New_1/BSF013073.xdce
BSF013074	/uod/idr/filesets/idr0061-wolf-spindlepositioning/20190403-ftp/BSF013074_1/BSF013074/New/New_2/New_2.xdce
BSF013075	/uod/idr/filesets/idr0061-wolf-spindlepositioning/20190403-ftp/BSF013075_1/BSF013075_1/New/New_1/BSF013075.xdce
BSF013076	/uod/idr/filesets/idr0061-wolf-spindlepositioning/20190403-ftp/BSF013076_1/BSF013076_1/New/New_1/BSF013076.xdce
BSF013077	/uod/idr/filesets/idr0061-wolf-spindlepositioning/20190403-ftp/BSF013077/New/New_1/BSF013077.xdce
BSF013078	/uod/idr/filesets/idr0061-wolf-spindlepositioning/20190403-ftp/BSF013078/New/New_1/BSF013078.xdce
BSF013079	/uod/idr/filesets/idr0061-wolf-spindlepositioning/20190403-ftp/BSF013079/New/New_1/BSF013079.xdce
BSF013081	/uod/idr/filesets/idr0061-wolf-spindlepositioning/20190403-ftp/BSF013081_1/BSF013081_1/New/New_1/BSF013081.xdce
BSF013082	/uod/idr/filesets/idr0061-wolf-spindlepositioning/20190403-ftp/BSF013082_1/BSF013082_1/New/New_1/BSF013082.xdce
BSF013083	/uod/idr/filesets/idr0061-wolf-spindlepositioning/20190403-ftp/BSF013083_1/BSF013083/New/New_1/BSF013083.xdce
BSF013084	/uod/idr/filesets/idr0061-wolf-spindlepositioning/20190403-ftp/BSF013084_1/BSF013084_1/New/New_1/BSF013084.xdce
BSF013086	/uod/idr/filesets/idr0061-wolf-spindlepositioning/20190403-ftp/BSF013086/New/New_1/BSF013086.xdce
BSF013087	/uod/idr/filesets/idr0061-wolf-spindlepositioning/20190403-ftp/BSF013087/New/New_1/BSF013087.xdce
BSF013088	/uod/idr/filesets/idr0061-wolf-spindlepositioning/20190403-ftp/BSF013088/New/New_1/BSF013088.xdce
BSF013148	/uod/idr/filesets/idr0061-wolf-spindlepositioning/20190403-ftp/BSF013148_1/BSF013148_1/New/New_1/BSF013148.xdce
BSF013149	/uod/idr/filesets/idr0061-wolf-spindlepositioning/20190403-ftp/BSF013149_1/BSF013149_1/New/New_1/BSF013149.xdce
BSF013150	/uod/idr/filesets/idr0061-wolf-spindlepositioning/20190403-ftp/BSF013150_1/BSF013150_1/New/New_1/BSF013150.xdce
BSF013151	/uod/idr/filesets/idr0061-wolf-spindlepositioning/20190403-ftp/BSF013151_1/BSF013151_1/New/New_1/BSF013151.xdce
BSF013152	/uod/idr/filesets/idr0061-wolf-spindlepositioning/20190403-ftp/BSF013152/New/New_1/BSF013152.xdce
BSF013153	/uod/idr/filesets/idr0061-wolf-spindlepositioning/20190403-ftp/BSF013153/New/New_1/BSF013153.xdce
BSF013154	/uod/idr/filesets/idr0061-wolf-spindlepositioning/20190403-ftp/BSF013154/New/New_1/BSF013154.xdce
BSF013155	/uod/idr/filesets/idr0061-wolf-spindlepositioning/20190403-ftp/BSF013155/SCAN/New/New_1/BSF013155.xdce
BSF014270	/uod/idr/filesets/idr0061-wolf-spindlepositioning/20190403-ftp/BSF014270/New/New_1/BSF014270.xdce
BSF014272	/uod/idr/filesets/idr0061-wolf-spindlepositioning/20190403-ftp/BSF014272/New_1/New_1_1/BSF014272.xdce
BSF014420	/uod/idr/filesets/idr0061-wolf-spindlepositioning/20190403-ftp/BSF014420/New_1/New_1_1/BSF014420.xdce
